Good?,Improvement Notes,Title,Description,Estimated Time,Difficulty,Completion Criteria,Category,,Who Submitted
Default,,Volunteer as a High-Dosage Tutor,Complete one full semester tutoring 3+ sessions weekly through an established program,1 semester,Hard,Semester completed with 3+ sessions weekly,Social,,
Default,,Join or Start a Mutual Aid Network,Actively participate in a mutual aid network for 3+ months,3+ months,Medium,3+ months of active participation,Social,,
Default,,Volunteer at a Food Bank,Complete 16+ hours of food bank volunteering,16+ hours,Medium,16+ hours completed,Social,,
Default,,Complete QPR Suicide Prevention Training,"Complete Question, Persuade, Refer gatekeeper training",1.5 hours,Easy,Training completed,Achievement,,
Default,,Complete Mental Health First Aid Certification,Receive your MHFA certification,8 hours,Medium,Certification received,Achievement,,
Default,,Become a Crisis Line Volunteer,"Complete training and volunteer for 6+ months at a crisis line (Crisis Text Line, etc.)",6+ months,Hard,Training complete + 6 months of volunteering,Social,,
Duplicate,Dupe of: #33 Daily Kindness for a Month; #69 Random Kindness Day,Practice Systematic Kindness,Perform 3 intentional acts of kindness twice weekly for 4 consecutive weeks (24 total acts documented),4 weeks,Easy,24 acts documented,Social,,
Default,,Volunteer for a Befriending Program,Complete 6+ months of weekly contact with an isolated individual through an official befriending program,6+ months,Hard,6+ months of weekly contact completed,Social,,
Default,,Share Your Mental Health Experience,Have 3 conversations about your own mental health experiences with friends family or colleagues,Variable,Medium,3 conversations documented,Social,,
Default,,Advocate for Workplace Mental Health,Submit a formal proposal for mental health benefits/resources to your employer or HR,2-4 hours,Medium,Formal proposal submitted,Achievement,,
Default,,Make Monthly Constituent Calls,Make phone calls to elected representatives for 6 consecutive months,6 months,Medium,At least 1 call/month for 6 months,Achievement,,
Default,,Build a Relationship with Legislative Staff,Have 3+ substantive interactions with the same staff member over 6 months,6 months,Hard,"3+ interactions (calls, meetings, detailed correspondence)",Social,,
Default,,Support a Backbone Organization,Donate any amount or volunteer 10+ hours for an organization that coordinates collective action,10+ hours,Medium,Donation made or volunteer hours completed,Achievement,,
Default,,Participate in Nonviolent Collective Action,"Participate in 2 organized protests, marches, or collective actions within one year",1 year,Medium,2 actions participated in,Achievement,,
Default,,Complete a Career Impact Assessment,Complete written analysis of current work using ITN framework and compare against 3+ alternative paths,4+ hours,Medium,Written analysis completed,Achievement,,
Default,,Build Career Capital in a Neglected Field,"Complete substantial learning project in high-priority problem area (AI safety, biosecurity, etc.)",3+ months,Hard,"Course, certification, or side project completed",Achievement,,
Default,,Complete a Skills-Based Volunteering Project,"Complete one 5-10 hour consulting project through Catchafire, Common Impact, or similar",5-10 hours,Medium,Project completed,Achievement,,
Default,,Optimize Workplace Giving,Research employer's matching gift program and enroll/make matched donation or confirm no program exists,30 min,Easy,Enrolled in matching or confirmed no program,Achievement,,
Default,,Join a Nonprofit Board,Complete governance training and serve on a nonprofit board or committee for 1+ year,1+ year,Hard,Training complete + 1 year of service,Achievement,,
Default,,Contribute to Social Impact Open Source,"Make 3+ meaningful contributions (code, documentation, issues) to open source projects serving social good",Variable,Medium,3+ meaningful contributions made,Creative,,
Default,,Take the Further Pledge,Formally commit to giving everything above a set living allowance to effective causes,Lifetime,Hard,Pledge signed (lifetime major commitment),Achievement,,
Default,,Climb a Virtual Mountain on Stairs,"Accumulate stair climbing equivalent to a famous landmark's height (Empire State Building: 1576 steps, etc.)",Variable,Medium,Total steps climbed tracked across sessions,Physical,,
Default,,Master a Complex Dance Routine,Learn a full choreographed dance routine and perform it start to finish,Variable,Medium,Video performing complete routine from memory,Physical,,
Default,,Drink Only Water for One Week,Consume nothing but plain water for 7 consecutive days (no coffee soda juice alcohol tea),7 days,Medium,7 full days with zero other beverages,Physical,,
Default,,Write a Short Story in One Night,Write a complete short story from start to finish in a single overnight session,1 night,Medium,"Minimum 1500 words with beginning, middle, end completed between sunset and sunrise",Creative,,
Default,,Create a 24-Hour Time-Lapse Video,Record a continuous 24-hour period and compile into a time-lapse video,24 hours,Medium,Final video showing full day-night cycle from fixed position,Creative,,
Default,,30-Day Daily Photo Challenge,Take one intentional creative photo every day for 30 consecutive days,30 days,Medium,Collection of 30 photos each from different day with distinct theme,Creative,,
Default,,Record a One-Second-a-Day Video Diary,"Film one second of video every day for 90 days, then compile",90 days,Medium,Final compiled video of 90 seconds showing 90 different days,Creative,,
Default,,Design Your Own Puzzle or Riddle,Create an original puzzle that someone else can solve,Variable,Easy,"Puzzle is solvable (tested), has clear rules",Creative,,
Duplicate,Other challenges cover poetry/singing/etc. Keep 434 (comedy-specific) instead.. Dupe of: #434 Do Stand-Up Comedy at an Open Mic,Perform at an Open Mic,Perform something original in front of a live audience at an open mic event,Variable,Medium,"Complete performance (comedy, poetry, music, storytelling) at public open mic",Creative,,
Default,,Handwrite 10 Gratitude Letters,Write and send 10 handwritten letters to people who have positively impacted your life,Variable,Medium,"10 separate handwritten letters, actually delivered",Social,,
Default,Dupes: #8 Practice Systematic Kindness,Daily Kindness for a Month,Perform one intentional act of kindness every day for 30 days,30 days,Easy,30 documented acts across 30 consecutive days,Social,,
Default,,No Complaining for a Week,Go 7 consecutive days without voicing any complaints,7 days,Medium,7 days with zero verbal complaints (restart if you slip),Achievement,,
Default,,Bake 10 Unique Recipes in 48 Hours,Make 10 different baked goods or cooked dishes in one weekend,48 hours,Medium,"10 distinct recipes, completed within 48 hours, photo documentation",Creative,,
Default,Dupes: #45 Sleep Under the Stars; #436 Camp 30 Nights,Camp in Your Backyard,Sleep outside overnight at your own home,1 night,Easy,Full night sleeping outdoors (balcony or rooftop counts),Achievement,,
Default,,Blindfolded Candy Chopstick Challenge,"Blindfolded, pick up and eat small candies using only chopsticks in 60 seconds",60 seconds,Easy,Video documenting attempt with final count,Absurd,,
Default,,Balance Spoons on Your Face,Balance as many spoons as possible on your face simultaneously,Variable,Easy,Photo showing all spoons balanced at once (no adhesive),Absurd,,
Default,,Blow a Giant Bubblegum Bubble,Blow the largest bubblegum bubble you can,Variable,Easy,Photo or video of largest bubble with something for scale,Absurd,,
Default,,Eat Beans with a Toothpick,Eat as many baked beans as possible in 60 seconds using only a toothpick,60 seconds,Easy,Video of attempt with final count (one bean at a time speared),Absurd,,
Default,,Declutter 100 Items,"Remove 100 items from your home (donated, recycled, or discarded)",Variable,Easy,"100 items removed, duplicates count individually",Achievement,,
Default,,Build Something Useful from Scrap,Create a functional object using only materials you already have or can get for free,Variable,Medium,"Object serves real purpose, made from repurposed materials, photo in use",Creative,,
Default,,Spontaneous Road Trip,Take an unplanned trip to somewhere you've never been,Variable,Easy,Return home with photo from destination,Achievement,,
Default,,Sunrise Summit,"Reach any elevated viewpoint (hill, rooftop, overlook) before sunrise",Early morning,Easy,Witness the sunrise from your chosen spot,Achievement,,
Duplicate,Dupe of: #36 Camp in Your Backyard; #408 Sleep Outside Without Gear,Sleep Under the Stars,Spend a night sleeping outdoors where you can see the sky,1 night,Easy,Slept outside overnight (backyard counts),Achievement,,
Default,,Wild Water Entry,"Fully submerge yourself in a natural body of water (lake, river, ocean, waterfall)",Variable,Easy,Gone completely underwater at least once,Physical,,
Default,,Bucket List Location,Visit a place you've always wanted to see in person,Variable,Medium,Physically there with photo proof,Achievement,,
Default,,Hometown Tourist,Spend a full day exploring your own area as if you were a visitor,1 day,Easy,Visited at least 3 spots you'd never been to before,Achievement,,
Default,,Solo Navigation,Travel somewhere unfamiliar alone and navigate without GPS for at least part of it,Variable,Medium,"Solo trip completed using maps, signs, or asking locals",Achievement,,
Default,,Multi-Day Journey,"Complete a physical journey lasting 2+ days (hiking, biking, walking between towns)",2+ days,Hard,Traveled under your own power for at least 2 consecutive days,Physical,,
Default,,Festival Immersion,Attend a cultural celebration or community event outside your usual circle,Variable,Easy,Participated (not just observed) in at least one activity,Social,,
Hesitant,Dupes: #205 Create a Finished Creative Work; #242 Share Your Creative Work,Write and Share Original Work,Write something personal and share it with at least one person,Variable,Easy,Someone else has read your writing,Creative,,
Default,,Create and Display Art,Make a piece of visual art and put it somewhere others can see it,Variable,Easy,"Creation displayed (wall, online, gifted)",Creative,,
Default,,Learn One Song,Learn to play or sing one complete song,Variable,Medium,Can perform it start to finish for at least one person,Creative,,
Default,,Cook Something New,Prepare a dish from a cuisine you've never cooked before,Variable,Easy,Eaten the finished dish,Creative,,
Hesitant,Too vague,Build Something Functional,"Create something useful with your hands (furniture, clothing, tool, craft)",Variable,Medium,Item exists and works for intended purpose,Creative,,
Default,,30-Day Creative Streak,Do one creative act daily for 30 consecutive days,30 days,Medium,30 dated entries with no gaps,Creative,,
Default,,Produce Media,"Create a short film, song, podcast episode with clear beginning and end",Variable,Medium,Finished product shared with at least one person,Creative,,
Default,,Finish a Challenging Book,Read a book you've been putting off or that stretches you intellectually,Variable,Easy,Read the final page,Achievement,,
Duplicate,Dupe of: #202 Host a Gathering of 10+ People,Host a Gathering,Organize and host a social event at your place (any size and format),Variable,Medium,"Guests came, stayed, and left",Social,,
Default,,Meet Someone New,Attend an event where you know few/no people and start a genuine conversation,Variable,Medium,Exchanged contact info or made plans to meet again,Social,,
Default,,Plan a Surprise,Secretly organize something special for someone you care about,Variable,Medium,Executed it and witnessed their reaction,Social,,
Default,,Organize a Reunion,Bring together a group of people who haven't all been together in a while,Variable,Medium,Reunion happened (virtual or in-person),Social,,
Default,Dupes: #230 Say Yes to Everything for a Day,Day of Yes,Let someone else plan a full day and participate in everything they choose,1 day,Medium,Completed entire day as planned by them,Social,,
Default,,Phone-Free Time Together,Spend at least 4 hours with others without anyone using phones,4+ hours,Easy,Time passed with devices put away,Social,,
Default,,Host Game or Theme Night,"Plan and run a themed social event (game night, trivia, costume party)",Variable,Easy,Event happened and people participated,Social,,
Default,,Join a Regular Group,"Commit to a club, team, or recurring group for at least one month",1+ month,Medium,Attended 4+ sessions and know people's names,Social,,
Default,,Volunteer Consistently,Volunteer for the same organization at least 4 times over a month or more,1+ month,Medium,Fulfilled commitment,Social,,
Default,Dupes: #8 Practice Systematic Kindness,Random Kindness Day,Spend one day intentionally doing kind things for strangers (3+ acts minimum),1 day,Easy,Day over with at least 3 distinct kind acts,Social,,
Default,,Organize a Drive,Collect items or funds from others for a cause and deliver them,Variable,Medium,Collected goods/money reached recipient organization,Social,,
Default,Dupes: #342 Organize a Neighborhood Cleanup with 5+ People,Community Cleanup,Participate in cleaning or improving a public space,2+ hours,Easy,Spent at least 2 hours on the effort,Physical,,
Duplicate,Dupe of: #86 Donate Blood Six Times; #376 Donate Blood; #454 Group Blood Donation,Give Blood or Register,Donate blood/plasma or register as organ/marrow donor,Variable,Easy,Donation complete or registration confirmed,Physical,,
Default,,Help Someone with a Task,"Offer substantial help to someone (moving, repairs, childcare, yardwork)",Variable,Easy,Task is finished,Social,,
Default,,Mentor Someone,Regularly guide someone less experienced in an area you know,Variable,Medium,Met with them at least 4 times and they've made progress,Social,,
Default,,Holiday Service,Spend a holiday volunteering instead of or in addition to personal celebration,Variable,Medium,Completed volunteer shift on that day,Social,,
Default,Dupes: #189 Start a Gratitude Practice,30-Day Gratitude Journal,Write down at least one thing you're grateful for every day for 30 days,30 days,Easy,30 consecutive dated entries,Achievement,,
Default,Dupes: #181 Write a Letter to Your 80-Year-Old Self,Letter to Future Self,"Write a detailed letter to yourself to open in 5+ years, then seal and store it",Variable,Easy,"Letter written, dated, sealed, and stored",Achievement,,
Default,Dupes: #204 Try Something That Terrifies You; #241 Do Something That Scares You,Face a Fear,Identify a personal fear and take a concrete action to confront it,Variable,Medium,Done the scary thing once (scale to personal baseline),Achievement,,
Default,,30-Day Habit Challenge,Commit to building one positive habit or breaking one negative habit for 30 consecutive days,30 days,Medium,Maintained streak for 30 days with no breaks,Achievement,,
Excellent,,Shadow Someone in Another Career,Spend half a day+ observing someone in a field you're curious about,4-8 hours,Easy,Shadow completed + written reflection,Achievement,,
Excellent,RIP partnered people.,Ask Out Someone Who Intimidates You,Ask someone on a date who you're genuinely interested in but nervous about,Seconds,Medium,The ask happened (outcome irrelevant),Social,,
Excellent,,Say I Love You to 5 New People,Tell five people you genuinely love that you love them - people you've never said it to before,Variable,Medium,All 5 documented (who and when),Social,,
Excellent,,Go Car-Free for One Month,Complete 30 consecutive days without driving a personal vehicle,30 days,Hard,30 days completed (emergency/accessibility exceptions allowed),Physical,,
Duplicate,Dupe of: #416 Go Vegan for a Month,Go Fully Plant-Based for 30 Days,Complete 30 consecutive days eating no animal products,30 days,Hard,30 consecutive days completed,Physical,,
Excellent,,Switch to Renewable Electricity,Switch your home to a renewable energy provider/green tariff or install any solar capacity,30 min,Easy,Switch confirmed or solar installed,Achievement,,
Excellent,Dupes: #72 Give Blood or Register,Donate Blood Six Times,Complete 6 blood donations within one year (or recruit 6 others if medically ineligible),1 year,Hard,6 donations complete or 6 recruits confirmed,Physical,,
Excellent,Dupes: #378 Cold Shower for 7 Days,Take Cold Showers for 30 Days,Replace your regular shower with a cold shower every day for 30 consecutive days,30 days,Medium,30 days without missing (no warm-up period allowed),Physical,,
Excellent,,Learn to Do the Splits,Achieve a full front or side split through daily stretching,Weeks to months,Hard,Photo showing hips flat on ground in full split,Physical,,
Excellent,,Make a One-Person Short Film,"Write, film, and edit a short film where you handle every role",Variable,Hard,"Minimum 2 minutes, has script, you appear on screen, you edited it",Creative,,
Excellent,,Fold 100 Origami Cranes,Fold 100 paper cranes using any paper available,Variable,Medium,Photo of 100 completed cranes together,Creative,,
Excellent,,Compliment 100 Strangers,Give 100 genuine compliments to people you don't know (in-person face-to-face),Variable,Medium,100 compliments delivered to strangers,Social,,
Excellent,,Memorize 50 Digits of Pi,Memorize and recite 50 digits of pi from memory,Variable,Medium,Recite 3.14159... through 50 decimal places without reference,Achievement,,
Excellent,,Learn Basic Sign Language,Learn the ASL alphabet and 20 common phrases,Variable,Easy,Fingerspell full alphabet from memory + sign 20 phrases without reference,Achievement,,
Excellent,Dupes: #502 Become Conversational in Morse Code,Learn Morse Code and Send a Message,Memorize Morse code and use it to send a real message,Variable,Medium,"Encode 10+ word sentence, transmit it (tapping, flashlight, sound)",Achievement,,
Excellent,Dupes: #451 Spend a Day Using Your Non-Dominant Hand,Use Your Non-Dominant Hand for a Day,Use only your non-dominant hand for all tasks for one full waking day,1 day,Medium,"All hand-based tasks done with non-dominant hand (eating, writing, opening doors)",Physical,,
Excellent,,Solve a Rubik's Cube,Solve a Rubik's Cube from a fully scrambled state,Variable,Medium,Complete solve without looking up algorithms during the solve,Achievement,,
Excellent,,Walk Every Street in Your Neighborhood,Physically walk down every street within a defined area,Variable,Medium,"Define boundary before starting, track on map, every street walked",Physical,,
Excellent,,Spend a Day Blindfolded,Experience a full waking day without sight,1 day,Hard,Wear blindfold from waking until bedtime (have someone nearby for safety),Achievement,,
Excellent,,Most Clothespins on Your Face,Clip as many clothespins to your face as possible in 60 seconds,60 seconds,Easy,Video of attempt with final count,Absurd,,
Excellent,,The Authentic Day,"Describe your perfect day given no outside obligations, then do it.",1 day,Medium,"Day completed, logged what you did.",Achievement,,
Excellent,Dupes: #206 Write and Share Your Personal Values,Values Audit,"Write your top 10 values, make one small ongoing life change to better align with your values. https://qualitycharters.org/wp-content/uploads/2016/10/Hiring-For-Fit_Values-List.pdf",2 hours,Easy,"10 values written, change executed",Achievement,,
Excellent,Dupes: #201 Reconnect with a Lost Friend,The Reconnection,Message three friends you haven't contacted in 1+ year with personalized messages referencing specific memories,30 min,Easy,3 personalized messages sent (not generic),Social,,
Excellent,,The Protected Call,Schedule a recurring monthly call with someone important and complete 3 consecutive months,3 months,Medium,3 consecutive monthly calls completed,Social,,
Excellent,,Letter to the Living,Write a letter to a living person expressing everything you'd want them to know if they were dying and deliver it,1-2 hours,Medium+,"1+ page letter written, delivered by mail or read aloud",Social,,
Excellent,,The Collision Dinner,Host a meal introducing friends from different parts of your life who don't know each other,3-5 hours,Medium,"3+ guests from 2+ different worlds, meal completed",Social,,
Excellent,,Specific Appreciation,Tell 5 people what you specifically appreciate about them including a specific moment and how it affected you,1 week,Easy,"5 people told, each included specific moment + impact",Social,,
Excellent,,Family Recording,Record an interview with a parent or elder about their life story,2-3 hours,Medium,"10+ questions prepared, 20+ min recording completed, saved in 2 locations",Social,,
Excellent,,Use Your Time Off,Take your full vacation/PTO this year or 10+ days if self-employed,Year-long,Easy,"All PTO scheduled, all PTO taken",Achievement,,
Excellent,Dupes: #123 Earn a Verifiable Credential; #267 Complete an Academic Course,Enroll in One Course,Enroll in and complete a course on something you've always wanted to learn,Varies,Medium,"Enrolled, completed with certificate or final project",Achievement,,
Excellent,,12 Books Outside Your Lane,Read 12 books this year in subjects outside your normal interests,1 year,Medium,12 books completed outside typical reading,Achievement,,
Excellent,,Find a Mentor,Approach someone whose path you admire and ask for mentorship,Varies,Medium+,"Person identified, ask made, at least 3 meetings happened",Social,,
Excellent,Dupes: #264 Apply for Your Reach Job,Apply Anyway,"Apply for an opportunity you think you're not ready for (job, grant, program)",2-3 hours,Easy+,Application submitted (rejection doesn't matter),Achievement,,
Excellent,Dupes: #234 The Repair,The Old Apology,Apologize for something you did years ago with a genuine apology that asks nothing in return,30 min,Medium,"Apology delivered, asked for nothing in return",Social,,
Excellent,,Say I Love You,Tell a family member I love you if you rarely do,5 min,Easy,Said it explicitly,Social,,
Excellent,,Time with Declining Health,"Spend meaningful time with someone whose health is declining (aging relative, hospice volunteer, care facility visit)",Varies,Medium,3+ visits or sessions completed,Social,,
Excellent,,30 Days Alcohol-Free,Go 30 consecutive days without drinking,30 days,Hard,30-day streak completed,Physical,,
Excellent,,Sleep 8+ Hours for 14 Nights,Get 8+ hours of actual sleep for two straight weeks,14 days,Medium,Sleep tracking data showing 14 consecutive nights,Physical,,
Excellent,,Master 10 New Meals,Learn to cook 10 nutritious meals without recipes,4-8 weeks,Medium,Photos of all 10 meals + can cook any on request,Achievement,,
Excellent,,Automate Retirement Savings,Open a retirement account and set up automatic contributions,1-3 hours,Easy,Account open + automatic transfer active,Achievement,,
Excellent,,Build an Emergency Fund,Save enough to cover 1-3 months of essential expenses,3-12 months,Medium,Bank statement showing target balance reached,Achievement,,
Excellent,,Complete a Salary Negotiation,Negotiate for more compensation in current role or new offer,2-5 hours,Medium,The negotiation conversation happened,Achievement,,
Excellent,,The Money Talk with Parents,"Direct conversation with parents about their financial situation, estate plans, and wishes",1-3 hours,Medium,Conversation happened + can answer basic questions about their situation,Social,,
Duplicate,Dupe of: #109 Enroll in One Course,Earn a Verifiable Credential,Complete a recognized certification or course with proof of completion,40-200 hours,Hard,Certificate or credential you can show,Achievement,,
Excellent,,Pitch an Idea to Leadership,Prepare and deliver a formal proposal to senior leadership,5-20 hours,Medium,The pitch meeting happened,Achievement,,
Excellent,Consider bumping to 48 hours to make it harder. Dupes: #280 No Phone or Internet for a Week; #302 No-Technology Day; #427 Screen-Free Weekend,Digital Detox Day,Spend 24 hours without phones computers or internet,24 hours,Medium,Full 24 hours passed,Achievement,,
Excellent,,Don't Speak for 48 Hours,"Go 48 consecutive hours without speaking a single word, otherwise going about your normal routine",48 hours,Hard,48 hours completed with zero spoken words,Achievement,,
Excellent,,12-Hour Meditation in Your Room,Complete 12 hours of meditation in a single day without leaving your room,12 hours,Hard,12 hours completed,Achievement,,
Excellent,,Meet a Family Member You've Never Spoken To,Reach out to and have a meaningful conversation with a family member you've never actually talked to before,Variable,Hard,"Contact made, real conversation happened",Social,,
Excellent,,Start a Business and Make $100 Profit,Create a new business venture and generate at least $100 in actual revenue,Variable,Hard,$100 revenue documented (revenue minus all costs),Achievement,,
Excellent,,Write a Song,"Compose an original song with lyrics and melody (instrument optional, can be a cappella)",Variable,Medium,Complete song exists that you can perform start to finish,Creative,,
Excellent,,Wear Shoes on Wrong Feet for Entire Day,Wear your left shoe on your right foot and vice versa for an entire waking day,1 day,Easy,Full day completed without switching them back,Absurd,,
Excellent,,Meet Someone with Fake Identity,"Meet a stranger and maintain a completely fake identity and backstory for at least 10 minutes (bonus for accent, longer duration)",10+ min,Medium,"Conversation lasted 10+ min, they believed your fake identity",Absurd,,
Excellent,,Get Autograph from Famous Person,Obtain an autograph from someone famous enough to have a Wikipedia page,Variable,Hard,Autograph obtained from person with Wikipedia page,Achievement,,
Excellent,,Attempt a Guinness World Record,Make an official or documented attempt at any Guinness World Record,Variable,Hard,Good faith attempt documented (bonus points for actually achieving it),Achievement,,
Excellent,,Get Best Free Item from Classifieds,Find and claim the best free item you can from Craigslist/Facebook Marketplace/local classifieds,Variable,Easy,Free item obtained and photographed. Best item chosen by group vote.,Achievement,,
Excellent,Dupes: #259 Complete an Endurance Goal,Run a Marathon,Train for and complete a full 26.2 mile marathon,3-6 months training,Hard,Finish time documented,Physical,,
Excellent,,Gain or Lose 10 Pounds,Reach a weight goal of gaining or losing 10 pounds (whichever aligns with your health goals),2-3 months,Medium,Before and after weight documented,Physical,,
Excellent,,Bike 100 Miles in One Day,Complete a 100-mile bike ride in a single day,1 day,Hard,Route tracked showing 100+ miles,Physical,,
Excellent,,Learn to Handstand,Learn to hold a freestanding handstand,1-3 months,Hard,Video of handstand held for 10+ seconds without wall support,Physical,,
Excellent,,Don't Shower for 5 Days,Go 5 consecutive days without showering or bathing,5 days,Medium,5 days completed,Absurd,,
Excellent,,Do a kickflip,Learn to ride a skateboard and perform a kickflip,1-2 months,Medium,Video of doing a kickflip,Physical,,
Excellent,,Bake Bread from Scratch,Make a loaf of bread completely from scratch (no bread machine),3-4 hours,Easy,Edible loaf produced with photo,Creative,,
Excellent,,Draw a Self-Portrait,Create a self-portrait drawing or painting,2-4 hours,Easy,Completed self-portrait,Creative,,
Excellent,,Paint Something and Display It,Create a painting and display it proudly somewhere in your home,Variable,Easy,Painting created and hung/displayed,Creative,,
Excellent,,Take a Themed Photography Series,Take a series of at least 10 photos around a specific theme,Variable,Easy,10+ photos with cohesive theme,Creative,,
Excellent,Should note how to do this legally,Make Wholesome Graffiti,Create positive/uplifting street art or chalk art in a public space,1-2 hours,Easy,Photo of your wholesome public art,Creative,,
Excellent,,Write a Poem,Write an original poem of at least 12 lines,1-2 hours,Easy,Poem written and shared with at least one person,Creative,,
Excellent,,Write a Joke,Write an original joke and tell it to at least 5 people,Variable,Easy,Joke written and delivered to 5+ people. Someone has to laugh.,Creative,,
Excellent,,Learn 3 Magic Tricks,Learn three different magic tricks well enough to perform them,2-4 weeks,Easy,Perform all 3 tricks for someone without them figuring them out,Achievement,,
Excellent,,Take a Dance Class,Attend and complete a dance class in any style,1-2 hours,Easy,Class completed,Physical,,
Excellent,,Have Conversation with Oldest Living Relative,Have a meaningful conversation with your oldest living relative about their life,1-2 hours,Easy,Conversation happened and you learned something new about them,Social,,
Excellent,,Take Your Boss to Lunch,Invite your boss to lunch and pay for it,1-2 hours,Medium,Lunch happened and you paid,Social,,
Excellent,,Ask Acquaintance for $100,Ask someone you know casually (not close friend/family) if you can have $100,5 min,Hard,The ask happened (outcome doesn't matter),Social,,
Excellent,,Ask Someone for Clothing Item They're Wearing,Notice something someone is wearing that you like and ask them to give it to you,5 min,Hard,The ask happened (getting it is bonus),Absurd,,
Excellent,,Organize a Group Hike,Plan and lead a hike with 4+ people,4-6 hours,Easy,Hike completed with 4+ participants,Social,,
Excellent,,Go to a Protest or Rally,Attend a protest or rally for a political cause you care about,2-4 hours,Easy,Attended and participated,Achievement,,
Excellent,,Speak in Accent for Entire Day,Maintain a fake accent for an entire day in all interactions,1 day,Medium,Full day completed without breaking character,Absurd,,
Excellent,,Wear Costume in Public on Non-Halloween Day,Wear a full costume in public on a regular day (not Halloween or costume event),1 day,Medium,Wore costume for significant public outing,Absurd,,
Excellent,,Collect Hair from 10 People,Collect a piece of hair from 10 different people (with their knowledge),Variable,Medium,10 hair samples collected with consent,Absurd,,
Excellent,,Buy Food from One Restaurant Eat in Another,Purchase food from one restaurant and eat it inside a different restaurant,1-2 hours,Medium,Completed without getting kicked out,Absurd,,
Excellent,,Visit 10 Coffee Shops in Your City,Visit and order from 10 different coffee shops in your city,Variable,Easy,10 shops visited with photos/receipts,Achievement,,
Excellent,,Get Photo from Highest and Lowest Points in City,"Take photos at both the highest and lowest elevation points in your city, including buildings and basements",Variable,Easy,Both photos taken with location proof,Achievement,,
Excellent,,Sneak Into an Event,Get into an event you weren't invited to or don't have a ticket for,Variable,Hard,Successfully attended event you shouldn't have been at,Achievement,,
Excellent,We are not liable,Commit a Very Small Crime,Break an outdated or obscure law that's technically illegal but harmless,Variable,Easy,Document which weird law you broke,Absurd,,
Excellent,,Beat a Video Game You've Never Played,Complete a video game from start to finish that you've never played before,Variable,Easy,Game completed with screenshot of ending,Achievement,,
Excellent,,Get a Wildly Different Hairstyle,Get a dramatically different haircut or style than you normally have,1-2 hours,Easy,Before and after photos,Achievement,,
Excellent,,Get a Tattoo,Get a tattoo (any size),1-2 hours,Hard,Tattoo completed,Achievement,,
Excellent,,Give a tattoo,Give someone a tattoo (any size),1-2 hours,,Tattoo completed,Achievement,,
Excellent,,Buy Only Unfamiliar Groceries,Buy a week's worth of groceries where nothing is something you've ever eaten before,1 week,Medium,Receipt showing unfamiliar items + photos of eating them,Achievement,,
Excellent,,Get Pushed Around in a Wheelbarrow,Get pushed around in a wheelbarrow in public for at least 10 minutes,10+ min,Easy,Photo/video evidence of wheelbarrow ride,Absurd,,
Excellent,,Do a Street Performance,Perform publicly on a street (music/magic/art/dance) until you make money,,Medium,Performance completed with photo/video,Creative,,
Excellent,,See and Document 20 Bird Species,Observe and photograph/document 20 different bird species,Variable,Medium,20 species documented with photos or detailed notes,Achievement,,
Excellent,,Learn to Swim,Learn to swim if you can't already (complete a lap without stopping),Variable,Medium,Swim one full pool length without stopping,Physical,,
Excellent,,Appear in Video from 100k+ Follower Account,"Appear in a YouTube/Instagram/TikTok video from an account with 100k+ followers, or live TV",Variable,Hard,Link to video showing you on major account,Achievement,,
Excellent,,Hitchhike Somewhere,Travel somewhere by hitchhiking with a buddy,Variable,Hard,Reached destination via hitchhiking,Achievement,,
Excellent,,Reach Conversational Level in New Language,Learn enough to hold a 15-minute conversation with a native speaker,200-400 hours,Hard,Verified conversation with native speaker completed,Achievement,,
Excellent but needs work,Dupes: #447 Publicly Speak,Give a Presentation to 20+ People,"Deliver a talk to a live audience of at least 20 (meetup, workplace, community group)",5-15 hours,Medium,Presentation delivered,Achievement,,
Duplicate,Make a career plan. drop the reminiscing. Dupe of: #244 Write Your Eulogy,Write Your Career Story,"Document your career journey, lessons, goals, and 5-10 year plan",4-8 hours,Easy,2000+ word document completed and shared with mentor,Achievement,,
Excellent but needs work,Good but I am unsure,End a Relationship That Isn't Working,"End a relationship (romantic, friendship, professional) that you know isn't right",1-5 hours,Hard,Relationship ended with honesty,Social,,
Excellent but needs work,Probably will include. Almost seems too difficult. ,Live Somewhere Different for 1+ Month,"Spend at least 30 days living in a different location (house swap, work exchange, extended camping)",30+ days,Hard,30+ days in new location documented,Achievement,,
Duplicate,Dupe of: #77 Letter to Future Self,Write a Letter to Your 80-Year-Old Self,"Write to future you about your current life, hopes, fears, and commitments",2-4 hours,Easy,1000+ words written and saved,Achievement,,
Excellent but needs work,,Take the Trial Pledge,Sign up for Giving What We Can's trial pledge (any amount for 6 months),10 min,Easy,Signed up for trial pledge,Achievement,,
Hesitant,,Fund One Child's Malaria Protection,Donate any amount to Malaria Consortium or volunteer 2 hours for fundraising campaign,Varies,Easy,Donation made or volunteer hours completed,Achievement,,
Hesitant,,Send a Direct Cash Transfer,Send any donation to GiveDirectly,15 min,Easy,Donation sent,Achievement,,
Excellent but needs work,,Take the 10% Pledge,Officially sign the Giving What We Can pledge at any income level,30 min,Hard,Pledge signed (lifetime commitment),Achievement,,
Hesitant,,Fund Shrimp Welfare,Donate any amount to the Shrimp Welfare Project,15 min,Easy,Donation made,Achievement,,
Excellent but needs work,,Advocate for Plant-Based Defaults at Work,Submit a formal proposal for plant-based default options in your workplace cafeteria/catering,2-4 hours,Medium,Formal proposal submitted,Achievement,,
Excellent but needs work,,Become a Big Brothers Big Sisters Mentor,"Complete application, training, match process and meet with mentee for 6+ months",6+ months,Hard,"Training complete, 6+ months of meetings with mentee",Social,,
Duplicate,Dupe of: #76 30-Day Gratitude Journal,Start a Gratitude Practice,Complete 30 consecutive days of gratitude journaling (3-5 items daily),30 days,Easy,30 consecutive days documented,Achievement,,
Excellent but needs work,,Walk 50000 Steps in a Weekend,Walk 50000 total steps across Saturday and Sunday,1 weekend,Medium,Screenshot of step tracker showing 50000+ steps in 48 hours,Physical,,
Excellent but needs work,,One-Week Art Style Sprint,Create one piece of art in a different medium each day for 7 days,7 days,Medium,7 pieces across 7 different mediums,Creative,,
Excellent but needs work,,Create a DIY Escape Room,Design and build a puzzle experience in your home for others to solve,Variable,Medium,"Minimum 3 connected puzzles, at least one person completes it, defined win state",Creative,,
Excellent but needs work,Just add specific rejection therapy challenges,Rejection Therapy Week,"Deliberately ask for something you expect to be rejected for, once per day for 7 days",7 days,Medium,7 rejection attempts across 7 days documented,Social,,
Excellent but needs work,,No-Spend Month,Buy nothing beyond true essentials for 30 days,30 days,Hard,"30 days with only groceries, medicine, bills, transport to work",Achievement,,
Excellent but needs work,Needs to be more specific.. Dupes: #280 No Phone or Internet for a Week; #302 No-Technology Day; #427 Screen-Free Weekend,One-Week Social Media Detox,Log out of all social media for 7 days,7 days,Medium,7 consecutive days with no social media access,Achievement,,
Duplicate,Does this already exist?. Dupe of: #396 Learn to Juggle,Learn to Juggle Three Balls,Juggle three objects continuously,Variable,Easy,Video of juggling 3 objects for 30+ seconds without dropping,Physical,,
Excellent but needs work,,See Sunrise and Sunset in One Day,Intentionally watch both the sunrise and sunset on the same day,1 day,Easy,Present and watching during both events on same calendar day,Achievement,,
Excellent but needs work,,Make a Personal Time Capsule,Create a sealed collection of current items and notes for your future self,Variable,Easy,"Container sealed with do not open until date (minimum 5 years), stored safely",Achievement,,
Excellent but needs work,Does this conflict with the guiness one?,Sock-Stacking Speed Record Attempt,Put as many socks on one foot as possible in 30 seconds,30 seconds,Easy,Video with visible timer and final count,Absurd,,
Hesitant,Too vague,Schedule Unproductive Joy,Block weekly time for activities with no purpose beyond enjoyment and protect it for 4 consecutive weeks,4 weeks,Medium,"Time blocked, 4 weeks completed",Achievement,,
Duplicate,Similar to the three friends from a year ago. Dupe of: #102 The Reconnection,Reconnect with a Lost Friend,Reach out to someone you've lost touch with and have a real conversation,2-4 hours,Easy,"Real conversation (call or in-person), second interaction completed",Social,,
Hesitant,Good but similar to others. Dupes: #60 Host a Gathering; #320 Host a Potluck for 10+ People,Host a Gathering of 10+ People,Plan and execute a social event with at least 10 friends,5-15 hours,Medium,Event happened + group photo,Social,,
Hesitant,Maybe. needs refinement. Dupes: #224 Start the Thing; #240 Make the Decision; #268 Take One Step Toward a Big Goal; #255 Begin the Legacy Project,Cross Off Your #1 Bucket List Item,Identify and complete your single biggest bucket list item,Variable,Hard,Item completed,Achievement,,
Duplicate,Needs to be more specific. Dupe of: #78 Face a Fear,Try Something That Terrifies You,"Take a class or try an activity that genuinely scares you (skydiving, improv, rock climbing)",2-20 hours,Medium,One full session completed,Achievement,,
Duplicate,Dupe of: #52 Write and Share Original Work; #265 Launch a Side Project Publicly,Create a Finished Creative Work,"Learn a creative skill and produce a completed shareable piece (painting, music, writing, woodworking)",20-80 hours,Hard,Finished piece exists and has been shared,Creative,,
Duplicate,Dont we already have this?. Dupe of: #101 Values Audit,Write and Share Your Personal Values,"Articulate your core values, beliefs, and how you want to live",3-6 hours,Easy,1000+ word document completed and shared with accountability partner,Achievement,,
Hesitant,Already exists for a week,Enforce Work Boundaries for 30 Days,Set and maintain a strict work end-time for one month,30 days,Medium,30-day compliance log,Achievement,,
Hesitant,,Set Up Recurring Donations,Establish automatic monthly donations to any effective charity,15 min,Easy,Recurring donation active,Achievement,,
Hesitant,,Skip One Long-Haul Flight This Year,Decline or cancel one round-trip flight over 4 hours that you would have otherwise taken,Variable,Medium,Document the trip not taken and your alternative,Achievement,,
Hesitant,,Reduce Meat Consumption by 50%,Track and reduce your meat consumption by 50% compared to personal baseline over 30 days,30 days,Medium,Track meals one week before starting then maintain 50% reduction for 30 days,Physical,,
Hesitant,,Reduce Food Waste by 50%,Track and reduce household food waste by 50% vs baseline over 30 days,30 days,Medium,Weigh waste for one week before then maintain reduction for 30 days,Achievement,,
Hesitant,,Join a Climate Advocacy Organization,Become a member and attend/participate in 2+ events or actions,Ongoing,Medium,Member + attended 2+ events,Achievement,,
Hesitant,,Support Wild Animal Welfare Research,Donate any amount to Wild Animal Initiative,15 min,Easy,Donation made,Achievement,,
Hesitant,,Register Voters,Volunteer 8+ hours for voter registration through a nonprofit during an election cycle,8+ hours,Medium,8+ hours completed,Achievement,,
Hesitant,,Serve on a Jury,"Respond to jury summons and serve fully (or be dismissed by court, not by own request)",Variable,Medium,Jury service completed,Achievement,,
Hesitant,,Provide Pro Bono Professional Services,Complete 50+ hours of pro bono work in your professional field within one year,50+ hours,Hard,50+ hours documented,Achievement,,
Hesitant,,Complete a 1000-Piece Puzzle Solo,Finish a 1000-piece jigsaw puzzle entirely by yourself,Variable,Medium,Photo of completed puzzle (done without help),Achievement,,
Hesitant,,Balance a Broom on Your Nose,Balance a broom handle vertically on your nose,Variable,Medium,Video of 60+ seconds of continuous balance,Physical,,
Hesitant,,Build a Five-Story Card House,Construct a house of cards at least 5 levels high,Variable,Medium,Photo of standing card house with 5+ tiers (no tape or adhesive),Achievement,,
Hesitant,lol what? wtf,One-Handed Toilet Paper Unroll,Completely unroll a full toilet paper roll using only one hand,Variable,Easy,Timed video showing full unroll with one hand,Absurd,,
Hesitant,Make specific ones based on this,Anonymous Good Deed,Do something kind without the recipient knowing it was you,Variable,Easy,Deed done and remained anonymous,Social,,
Hesitant,Maybe also people could find one thing they spend money on that doesnt support that minimum that they could cut out or switch ti be investments,Define Enough,Calculate exactly how much money you need for the life you actually want,2 hours,Easy,"Number calculated with breakdown, compared to current trajectory",Achievement,,
Hesitant,Too vague. List specific skills,The Skill You've Been Postponing,"Learn one skill you've been meaning to develop for years (instrument, language, craft). Do something to show your new skill. ",3-6 months,Hard,"Defined basic competency, reached that level",Achievement,,
Duplicate,Dupe of: #203 Cross Off Your #1 Bucket List Item,Start the Thing,Start the project you've been planning for years and set a deadline for first draft/prototype,Varies,Hard,"Deadline set, first draft/prototype completed by deadline",Achievement,,
Hesitant,Will include. needs some fine tuning,The Forgiveness Letter,Write a letter to someone you're holding resentment toward (you don't have to send it),1 hour,Medium,"Letter written, consciously chose to release resentment",Achievement,,
Hesitant,Will include. Add examples. Dupes: #227 Complete a Health Screening,The Postponed Screening,Get the health appointment/test/screening you've been putting off,Varies,Medium,"Appointment scheduled, appointment completed",Physical,,
Duplicate,Will include. Make better. Dupe of: #226 The Postponed Screening,Complete a Health Screening,Get a comprehensive physical exam with blood work,2-4 hours,Easy,Receive results documentation,Physical,,
Hesitant,Check for dupes,Solo Retreat,"Spend at least 48 hours without seeing another human, minimal tech",2 day,Medium+,Day completed.,Achievement,,
Hesitant,,Give a Child $100,Give $100 to a child (with parents' permission),15 min,Easy,$100 given with photo or documentation,Social,,
Duplicate,Is there a way to make this actually work in real life? Maybe like asking friends for pitches and then saying yes to those. Dupe of: #64 Day of Yes,Say Yes to Everything for a Day,Agree to every request/invitation/opportunity for one full day (one veto pass allowed),1 day,Medium,Day completed documenting what you said yes to,Achievement,,
Hesitant,"Maybe lets remove the part about other expectations, and also have the people take one step toward one of the goals or dreams",The Unlived Life Inventory,"List dreams and paths you abandoned due to others' expectations, then circle three that still call to you",1 hour,Easy,"List has 10+ items, three are circled",Achievement,,
Hesitant,"Lets not assume they are lying. lets frame this as a conversation that frees you from some tension in the relationship. expressing a boundary, revealing something, asking for clarity". Dupes: #239 The Relationship Conversation,The Avoided Conversation,Tell one person a truth about yourself you've been hiding - real aspirations or a boundary,30 min,Medium,"Conversation happened, documented what you said",Social,,
Hesitant,Actually consult them for a large life decision. ,Personal Board of Directors,Identify 3-5 people who support your authentic self and ask if you can consult them before major decisions,1-2 hours,Medium,3+ people confirmed yes,Social,,
Duplicate,Dupe of: #113 The Old Apology,The Repair,Make the first move to repair one damaged relationship even if you think they should apologize first,Varies,Hard,"Reached out with repair intent, documented what you said",Social,,
Hesitant,,The Boundary Week,Leave work on time every day for one full work week,1 week,Medium,"On time defined in writing, 5/5 days met target",Achievement,,
Hesitant,,Choose Presence,Attend one event important to someone you love that you would normally skip for work,Varies,Medium,"Event attended, it genuinely conflicted with work",Social,,
Hesitant,,True Hourly Wage,"Calculate real hourly wage including commute, work brought home, stress recovery, and expenses",1 hour,Easy,"Calculation completed, written reflection on trade-off",Achievement,,
Hesitant,,Teach Something,Teach something you know to someone else,Varies,Easy,"Teaching session completed, learner could demonstrate what you taught",Social,,
Duplicate,Seems similar to the hard conversation one above.. Dupe of: #232 The Avoided Conversation,The Relationship Conversation,Have the difficult conversation about your relationship that you've been avoiding,1-2 hours,Hard,"Issue identified in writing beforehand, conversation happened",Social,,
Duplicate,Seems similar to the take one step toward a big goal one below. Dupe of: #203 Cross Off Your #1 Bucket List Item,Make the Decision,"Make a decision you've been postponing (the move, career change, ending, or beginning)",Varies,Hard,"Decision made, first action taken toward implementing it",Achievement,,
Duplicate,"Generic, needs more definition. ". Dupe of: #78 Face a Fear,Do Something That Scares You,"Do something that scares you that isn't actually dangerous (public speaking, asking someone out, traveling solo)",Varies,Medium,"Scary thing identified beforehand, scary thing done",Achievement,,
Duplicate,How much? lets set a minumum time amount spent on the work. Dupe of: #52 Write and Share Original Work; #265 Launch a Side Project Publicly,Share Your Creative Work,"Share creative work with an audience (publish writing, show art, perform music, post online)",Varies,Medium,"Work shared publicly, at least 1 person outside inner circle saw it",Creative,,
Hesitant,,Express Suppressed Emotion,"Express anger or disappointment you've been suppressing (to therapist, trusted friend, or person directly)",Varies,Medium,"Emotion identified, expressed to someone",Social,,
Hesitant,Dupes: #178 Write Your Career Story; #269 Create Your Life Timeline,Write Your Eulogy,Describe the person you want to be remembered as and note gaps between that vision and your current life,1-2 hours,Medium,"Eulogy written, gaps listed",Achievement,,
Hesitant,Seems similar to the one about writing a letter to someone as if they were dying ,The Death Conversation,"Have a conversation about death with someone you love (wishes, fears, what you'd want each other to know)",1-2 hours,Hard,"Conversation happened, both people shared something meaningful",Social,,
Hesitant,,Three Denied Things,"Identify three things you've denied yourself for no good reason, then do/get/allow one of them",30 min+,Easy,"3 things listed, 1 done/obtained/allowed",Achievement,,
Hesitant,Make one that is 24-48 hours no eating,,,,,,,,
Hesitant,We should specify how much it affects your life. People should be eliminating things that affect them on a daily basis or cause them stress more than a few times per week.,Eliminate Chronic Unhappiness,"Remove or significantly reduce one source of chronic unhappiness (relationship, habit, commitment, environment)",Varies,Hard,"Source identified, concrete action taken to eliminate/reduce it",Achievement,,
Hesitant,,Say No,Decline an invitation or obligation that doesn't align with what matters to you,As it arises,Easy,Said no to something you would have previously said yes to,Achievement,,
Hesitant,,Gratitude Letter to Your Body,Write a letter thanking your body and list everything it allows you to do that you take for granted,30 min,Easy,Letter written with 10+ things listed,Achievement,,
Hesitant,Vague,One Sustainable Health Habit,Establish one health habit you can maintain and track for 30 days,30+ days,Medium,"Habit defined, 30 days tracked",Physical,,
Hesitant,Vague,Try the Curious Thing,"Try one thing you've always been curious about (activity, food, place, experience)",Varies,Easy,"Thing identified, thing tried",Achievement,,
Hesitant,Vague,24 Hours Unplanned,Spend 24 hours somewhere unfamiliar without a plan,1 day,Medium,"Location was unfamiliar, no itinerary made, 24 hours completed",Achievement,,
Hesitant,This should be an action,Your Unique Contribution,Identify your unique contribution by answering: What would be lost if I never shared my unique perspective or skill?,2-3 hours,Medium,Written answer (1+ paragraph),Achievement,,
Duplicate,Seems similar to the one about a big goal. Vague. Dupe of: #203 Cross Off Your #1 Bucket List Item,Begin the Legacy Project,"Start the thing you want to leave behind (memoir, oral history, mentorship, creation)",Varies,Hard,"Project defined, first concrete milestone completed",Achievement,,
Hesitant,"I like it, but is 20 accessible to everyone?",Double Your Push-up Max,"Train until you can do 2x your current max consecutive push-ups, or reach 20 (whichever is greater)",4-8 weeks,Medium,Video of final set with good form,Physical,,
Hesitant,Flossing and the dentist one should be two separate challenges,Complete All Recommended Dental Work,Get a dental exam and complete all recommended treatments or establish 30-day flossing habit,2-6 months,Medium,"Exam done, treatment complete or 30-day floss streak",Physical,,
Hesitant,Dupes: #424 Go to Therapy,Complete 6 Therapy Sessions,"Attend six sessions with a mental health professional, or complete structured self-guided program",6-12 weeks,Medium,Documentation of 6 completed sessions,Achievement,,
Duplicate,break into specific endurance events as their own challenges.. Dupe of: #136 Run a Marathon; #414 Complete a Triathlon,Complete an Endurance Goal,"Train for and finish a significant endurance challenge (half-marathon, 50-mile bike ride, 5K from zero)",8-16 weeks,Hard,Evidence of completing the event/goal,Physical,,
Hesitant,This seems highly variable per person,Eliminate Highest-Interest Debt,Pay off your highest-interest debt completely,Variable,Hard,$0 balance confirmation,Achievement,,
Hesitant,Why?,Calculate Your True Net Worth,"Document all assets, debts, income, and expenses",2-4 hours,Easy,"Written document with assets, liabilities, net worth, savings rate",Achievement,,
Hesitant,Maybe too vague. Maybe we separate these out into individual challenges?,Hit a Personal Savings Milestone,"Reach a meaningful savings/investment target (save 20% for 6 months, increase savings rate, reach net worth milestone)",6-12 months,Medium,Documentation of milestone reached,Achievement,,
Hesitant,Seems kinda extra no? maybe thats the point? Yeah thats the point,Read 3 Personal Finance Books,Complete three foundational money books,15-25 hours,Easy,All three finished,Achievement,,
Duplicate,Very similar to another one about applying for the thing. Dupe of: #112 Apply Anyway,Apply for Your Reach Job,Submit a complete application for a position you feel underqualified for,4-10 hours,Medium,Application submitted,Achievement,,
Hesitant,Very similar to the one about publishing work publically. Dupes: #205 Create a Finished Creative Work; #242 Share Your Creative Work,Launch a Side Project Publicly,"Create something and release it to the world (product, service, art, content, tool, newsletter)",20-100 hours,Hard,It's live and others can access it,Creative,,
Hesitant,,Speak Up in Every Meeting for 30 Days,Contribute at least one substantive comment or question in every work meeting,30 days,Medium,30-day tracking log showing participation,Achievement,,
Duplicate,Seems similar to the credentials one and another certificate one. Dupe of: #109 Enroll in One Course,Complete an Academic Course,Finish a full course with structured curriculum,40-80 hours,Medium,Course finished with all modules/assignments done,Achievement,,
Duplicate,Vague but high potential. There are ones claude made above that are more specific. Dupe of: #203 Cross Off Your #1 Bucket List Item,Take One Step Toward a Big Goal,Identify a major life goal and complete one concrete milestone toward it,Variable,Medium,"Milestone done (first chapter written, money saved, application submitted)",Achievement,,
Duplicate,Dupe of: #244 Write Your Eulogy,Create Your Life Timeline,Document the major chapters and lessons of your life so far,Variable,Easy,Written or visual record to look back on,Achievement,,
Hesitant,Include links to specific competitions ,Place Top 3 in a Local Competition,Enter and place in top 3 of any local competition (sport/trivia/talent/hobby),Variable,Hard,Top 3 placement documented,Achievement,,
Hesitant,"Too vague, but its good tho idk",Set a Personal Record,Set a new personal best at whatever your favorite measurable activity is,Variable,Medium,PR documented with previous best for comparison,Physical,,
Hesitant,,Walk to Work for a Month,Walk to work instead of driving/transit for an entire month,1 month,Medium,Month completed (weather exceptions reasonable),Physical,,
Hesitant,,Pull an All-Nighter,Stay awake for 24+ consecutive hours intentionally,24+ hours,Medium,Stayed awake from one morning through the next morning,Physical,,
Hesitant,How do we make this more measurable?,Change Your Own Mind,Genuinely change your own mind about something through research or conversation,Variable,Medium,Write a page explaining what you believed before and why you changed,Achievement,,
Hesitant,Maybe this needs some caveats? for important phone calls and stuff?,Speak Only in Different Language for Two Days,Communicate only in a language other than your native tongue for 48 hours,48 hours,Hard,48 hours completed (writing counts),Achievement,,
Hesitant,Choose specific holidays,Celebrate a New Holiday,Fully celebrate a holiday you don't normally observe (learn traditions and participate),1 day,Easy,Holiday celebrated with appropriate traditions,Achievement,,
Hesitant,,No Nut November,Complete the full month of November without orgasming,1 month,Hard,Month completed,Achievement,,
Hesitant,,Start and Maintain Skincare Routine,Establish a daily skincare routine and stick with it for 3 months,3 months,Medium,3 months documented,Achievement,,
Hesitant,,Buy Something Nice You'll Use Daily,Purchase something for yourself you'd use every day that you wouldn't have otherwise bought,Variable,Easy,Item purchased and being used daily,Achievement,,
Duplicate,Could be more specific.. Dupe of: #125 Digital Detox Day; #195 One-Week Social Media Detox,No Phone or Internet for a Week,Go one full week without using phone or internet,1 week,Hard,Week completed,Achievement,,
No,Already have one about regular calls,Weekly Family Calls for 3 Months,Call one family member every week for 12 consecutive weeks,3-6 hours total,Medium,12/12 calls logged,Social,,
No,Already exists ,Write an Appreciation Letter,Write a detailed letter to a parent or mentor about why they matter,2-4 hours,Easy,"500+ words written, delivered",Social,,
No,Vague,Have the Difficult Conversation,Identify and have a conversation you've been avoiding,1-3 hours,Medium,Conversation happened + written reflection,Social,,
No,Already exists for parents,Interview an Elderly Relative,"Conduct a recorded interview about their life story, wisdom, and family history",2-5 hours,Easy,Recording preserved (audio or video),Social,,
No,,Take a Trip with a Family Member,"Organize a trip (minimum overnight) with just one parent or sibling (camping, road trip, staycation counts)",8-48 hours,Medium,Trip completed + photo together,Social,,
No,solo 48 hours already exists,Solo Travel for One Week,Take a solo trip to somewhere new staying at least 7 days,7+ days,Hard,7+ days completed + photo documentation,Achievement,,
No,Vague,Attend a Major Event Alone,"Go to a concert, game, festival, or conference by yourself",3-8 hours,Easy,Full event attended solo,Achievement,,
No,,Complete a Digital Detox Trip,Take a trip with no phone or internet for minimum 3 days,3+ days,Medium,Trip completed + journal documentation,Achievement,,
No,,Do Something Out of Character,Identify something you've secretly wanted to do but doesn't fit your image then do it,Variable,Medium,Activity completed,Achievement,,
No,,Document One Year of Your Life,"Commit to a year-long documentation project (daily journaling, weekly photos, monthly videos)",15-60 min daily,Hard,12 months of documentation preserved,Creative,,
No,,Make Amends for a Past Regret,"Identify something you genuinely regret and make direct amends (apologize, repair damage, restitution)",2-10 hours,Medium,Amends made + documented,Social,,
No,Alrrady exists,Spend a Full Day Doing Exactly What You Want,"8+ waking hours with no obligations, no shoulds, no productivity guilt",8-16 hours,Easy,Day completed + documented how you spent it,Achievement,,
No,,Fund an Overlooked Intervention,Donate any amount to the Lead Exposure Elimination Project,15 min,Easy,Donation made,Achievement,,
No,,Calculate Your Global Wealth Percentile,Complete the calculator at howrichami.givingwhatwecan.org,5 min,Easy,Screenshot of result,Achievement,,
No,,Make Monthly Climate Calls,Make phone calls to elected officials about climate legislation for 3 consecutive months,3 months,Medium,Calls made for 3 consecutive months,Achievement,,
No,,Switch to a Climate-Conscious Bank,Move your primary checking account to a bank that doesn't finance fossil fuel expansion,Variable,Medium,Account moved,Achievement,,
No,,Eliminate Chicken and Fish for 30 Days,Complete 30 consecutive days without eating chicken or fish,30 days,Medium,30 days completed,Physical,,
No,,Donate to ACE-Recommended Charities,Make any donation to Animal Charity Evaluators' Recommended Charity Fund,15 min,Easy,Donation made,Achievement,,
No,,Support Corporate Welfare Campaigns,Donate any amount to The Humane League or similar corporate campaign organization,15 min,Easy,Donation made,Achievement,,
No,,Replace Your Top 3 Animal Products,Identify your 3 most-consumed animal products and replace them with plant-based alternatives for 60 consecutive days,60 days,Medium,Document replacements and track for 60 days,Physical,,
No,Exists,24-Hour Silence,Do not speak for a full 24 hours,24 hours,Medium,24 consecutive hours with zero spoken words,Achievement,,
Duplicate,Dupe of: #125 Digital Detox Day; #195 One-Week Social Media Detox,No-Technology Day,Spend 24 hours without any digital technology,24 hours,Medium,"24 hours with no phone, computer, TV, tablet, or gaming devices",Achievement,,
No,Already exists,Master a Magic Trick,Learn one magic trick well enough to fool people,Variable,Easy,Perform trick for at least 3 different people without revealing how,Achievement,,
No,Vague,Adrenaline First,"Do something that genuinely scares you physically (zip-line, cliff jump, roller coaster, cold plunge)",Variable,Medium,Done the activity once (scale to personal fear threshold),Physical,,
No,Too vague,Achieve a Fitness Goal,Set a specific physical goal based on current baseline and train until you hit it,Variable,Medium,Achieved measurable target you set,Physical,,
No,Too vague and also exists,Yes Day,Spend one day saying yes to every safe opportunity that comes your way,1 day,Medium,Day over and followed through,Achievement,,
No,,Ask for a Raise,Formally ask your employer for a raise,30 min,Medium,The ask happened (outcome doesn't matter),Achievement,,
No,,Appear on Cable TV,Get yourself on a cable television broadcast,Variable,Hard,Recording of your TV appearance,Achievement,,
No,,The Friendship Trip,Take a trip with a friend (not family) - day trip counts,1 day+,Medium,"Trip completed, photo together from the trip",Social,,
No,,Deliberate Silliness,Do something intentionally silly or ridiculous and laugh properly,Varies,Easy,"Silly thing done, you laughed for real",Absurd,,
No,,The Postponed Trip,Take the trip you've been putting off,Varies,Medium,Trip taken,Achievement,,
No,,Reverse Bucket List,Document 20+ meaningful experiences you've already had,1 hour,Easy,List of 20+ experiences written,Achievement,,
No,,Change Someone's Mind,Have a conversation where you genuinely change someone's opinion on something meaningful,Variable,Hard,Document what they believed before and after with their confirmation,Social,,
Excellent,,Cook a Full Meal Together Blindfolded,Partner up and cook a complete meal where one person is blindfolded and the other can only give verbal instructions,,,,,,
Excellent,,Learn a Partner Dance Routine,"Learn and perform a choreographed partner dance (salsa, bachata, swing, etc.) of at least 1 minute",,,,,,
Excellent,,Complete a Tandem Bike Ride of 20+ Miles,Ride a tandem bicycle with a partner for at least 20 miles in one outing,,,,,,
Excellent,,Three-Legged 5K,Complete a 5K race or route while three-legged-tied to a partner,,,,,,
Duplicate,Dupe of: #384 Build a Piece of Furniture,Build a Piece of Furniture Together,Build a functional piece of furniture from raw materials (not IKEA) with a partner,,,,,,
Excellent but needs work,Dupes: #378 Cold Shower for 7 Days,Do a Polar Plunge with a Friend,Jump into a body of water below 50F together,,,,,,
Duplicate,Already exists?. Dupe of: #202 Host a Gathering of 10+ People,Host a Potluck for 10+ People,Organize and host a potluck dinner where at least 10 people attend and bring food,,,,,,
Hesitant,,Teach a Friend a Skill in One Day,Spend a full day teaching someone a skill you have until they can demonstrate basic competency,,,,,,
Hesitant,,Complete a Ropes Course Together,Finish a high ropes or aerial adventure course with a partner,,,,,,
Excellent but needs work,More specific,Run a Relay Race,Organize and complete a relay race (any distance) with a team of 3+ people,,,,,,
Excellent but needs work,,Paint Each Other's Portraits,"Sit for and paint/draw a portrait of each other, then swap and display them",,,,,,
Excellent but needs work,,Survive an Escape Room,Complete an escape room with a group without using any hints,,,,,,
Hesitant,,Play 18 Holes of Disc Golf with a Group,Complete a full 18-hole disc golf course with 3+ people,,,,,,
Hesitant,,Do a Group Camping Trip with No Electronics,Camp for at least one night with 3+ people where nobody uses phones or electronics from arrival to departure,,,,,,
Hesitant,,Complete a 1000-Piece Puzzle in One Sitting,Finish a 1000-piece jigsaw puzzle with a partner in a single session without sleeping,,,,,,
Excellent,,Volunteer Together for 8 Hours,Complete a full day of volunteer work (8+ hours) with a friend at the same organization,,,,,,
No,,Attend a Silent Retreat with a Friend,Attend a silent retreat or do a self-imposed silent day together (no speaking to each other for 12+ hours while in the same space),,,,,,
Excellent but needs work,Maybe regularly?,Organize a Pickup Sports Game with 10+ People,"Recruit and organize a full pickup game (basketball, soccer, volleyball, etc.) with at least 10 participants",,,,,,
Excellent but needs work,"Maybe one that is random turns but less long, and one that is choose a direction and drive that way for a while ",Take a Road Trip with No Pre-Planned Route,"Drive for at least 6 hours with a partner, flipping a coin or rolling dice at every intersection to decide direction",,,,,,
Excellent but needs work,Consider merging with other similar ones,Learn and Perform a Song as a Duo,"Learn a song together (singing, instruments, or both) and perform it for at least 5 people",,,,,,
Excellent but needs work,,Complete a Mud Run or Obstacle Race as a Team,"Finish a mud run or obstacle course race (Tough Mudder, Spartan, etc.) with at least one partner",,,,,,
Hesitant,,Go Stargazing and Identify 15 Celestial Objects,"Spend a night stargazing with a friend and correctly identify 15 stars, constellations, or planets together",,,,,,
Hesitant,,Host a Game Night Tournament,Organize a game night with 6+ people featuring a bracket-style tournament with a declared winner,,,,,,
Excellent but needs work,,Do a Partner Workout Challenge for 7 Days,Complete a specific partner workout every day for 7 consecutive days with the same person,,,,,,
Excellent,,Forage a Meal Together,Find and correctly identify wild edible plants/mushrooms with a knowledgeable partner and eat a dish made from them,,,,,,
Excellent,,Canoe or Kayak 10+ Miles Together,Complete a 10+ mile paddle with a partner in a single outing,,,,,,
Excellent,,Build and Launch a Model Rocket Together,Assemble and successfully launch a model rocket with a partner,,,,,,
Excellent but needs work,,Take a Dance Class Together Every Week for 4 Weeks,Attend a weekly dance class with the same partner for 4 consecutive weeks,,,,,,
Duplicate,Dupe of: #71 Community Cleanup,Organize a Neighborhood Cleanup with 5+ People,"Recruit at least 5 people and clean up a public area, filling at least 10 bags of trash",,,,,,
Excellent but needs work,Clear rules about who qualifies. Maybe there has to be someone participating who has never backpacked before,Complete a Multi-Day Backpacking Trip,Hike and camp for at least 2 nights in the backcountry with a partner or group,,,,,,
Excellent but needs work,"Clarify wording, but good",Best Thrift Store Outfit for Under $10,Buy a complete outfit from a thrift store for under $10 and have the group vote on the best one,,,,,,
Excellent but needs work,What is creative?,Most Creative $5 Gift,Buy or make the most creative gift for $5 or less; group votes on the winner,,,,,,
Excellent but needs work,,Tallest Freestanding Spaghetti Tower,Build the tallest freestanding tower using only dry spaghetti and marshmallows in 20 minutes,,,,,,
Excellent but needs work,,Best Dish from a Mystery Ingredient,Everyone receives the same surprise ingredient and has 90 minutes to cook the best dish; group votes,,,,,,
Excellent but needs work,,Most Money Made in a Day from Nothing,"Starting with $0 and no selling personal possessions, earn as much money as possible in a single day through legal means",,,,,,
No,,Fastest Mile Run,Everyone runs a timed mile on the same day; fastest time wins,,,,,,
No,,Most Push-Ups in 2 Minutes,"Timed, filmed, with full range of motion; highest count wins",,,,,,
No,Already public standup exists,Best Original Stand-Up Set,Write and perform a 3-minute stand-up comedy set for the group; audience votes on the funniest,,,,,,
No,,Longest Plank Hold,"Timed, filmed plank hold with proper form; longest time wins",,,,,,
Excellent but needs work,,Most Creative Use of a Cardboard Box,"Given one large cardboard box, create the most impressive thing in 3 hours; group votes",,,,,,
Excellent but needs work,,Best Latte Art,Everyone attempts latte art (or any poured beverage art); group votes on the best,,,,,,
Excellent but needs work,"How does this relate to the  hitchhiking challenge?, by the way, hitchhiking should be a partner challenge. Maybe this would be no hitchhiking allowed",Cheapest Cross-City Trip,Travel from one defined point in your city to another spending as little money as possible; lowest cost wins,,,,,,
Excellent but needs work,,Best Photo Taken on the Same Day,Everyone takes their single best photo on the same designated day; group votes,,,,,,
Hesitant,,Most Steps in 24 Hours,Wear a step tracker for 24 hours; highest verified step count wins,,,,,,
Excellent but needs work,,Fastest Time to Eat a Lemon,"Eat an entire lemon (flesh only, no rind required) as fast as possible; fastest time wins",,,,,,
Excellent but needs work,,Longest Continuous Hula Hoop,Timed hula hooping; longest unbroken session wins,,,,,,
Excellent,Maybe on the trip. Dupes: #455 Best Sandcastle,Best Sandcastle,Build sandcastles at the same beach on the same day; group votes on the best,,,,,,
No,,Most Weight Lost in a Month (Percentage-Based),Highest percentage of body weight lost in 30 days wins (keeps it fair across sizes),,,,,,
Excellent but needs work,,Fastest Rubik's Cube Solve (Competitive),"Everyone learns to solve a Rubik's Cube; fastest timed solve wins. Competition will happen on the trip.",,,,,,
Excellent but needs work,,Best Freestyle Rap in 60 Seconds,"Given a random topic, deliver a 60-second freestyle; group votes",,,,,,
Excellent but needs work,"Will probably add. Either total time, talking time, or most number of different people you can get tranferred to. ",Longest Phone Call with a Customer Service Line,Stay on the phone with any customer service line as long as possible without being hung up on; longest call wins,,,,,,
Hesitant,,Best Homemade Pizza,Everyone makes a pizza from scratch (including dough); group votes on the best,,,,,,
Excellent but needs work,,Most Items Bargained Down at a Market,Visit a flea market or swap meet; whoever successfully negotiates the most price reductions wins,,,,,,
Excellent but needs work,,Furthest Distance Traveled on $20,"Using only $20 for all transportation, travel as far from your starting point as possible in one day",,,,,,
No,,Best Impression of Another Group Member,Everyone does their best impression of another participant; group votes on most accurate,,,,,,
Hesitant,,Fastest Time to Run an Errand in Formal Wear,"Complete a mundane errand (grocery run, post office, etc.) while wearing a full suit or formal dress; fastest documented errand wins",,,,,,
Excellent but needs work,,Most Creative Duct Tape Creation,"Given one roll of duct tape, make the most impressive item in 2 hours; group votes",,,,,,
No,,Best Karaoke Performance,Everyone sings one karaoke song at the same venue; audience or group votes on the best performance,,,,,,
Excellent but needs work,,Highest Score on a Specific Arcade Game,Everyone plays the same arcade game; highest score wins,,,,,,
Hesitant,,Best Negotiated Deal on a Hotel Room,Call hotels and negotiate the lowest rate for the same night and room type; lowest confirmed price wins,,,,,,
Excellent but needs work,,Make a very long secret handshake with someone,,,,,,,
Default,Improvement Notes,Title,Description,Estimated Time,Difficulty,Completion Criteria,Category,Social,
Default,Dupes: #72 Give Blood or Register,Donate Blood,Visit a blood bank or donation center and donate blood or plasma,1-2 hours,Medium,Donation receipt or bandage photo,Social,,abbs2882
Default,,Karaoke Night,Perform karaoke at a bar or public venue in front of an audience of strangers,1-2 hours,Medium,Video or photo of you performing karaoke at a public venue,Social,,abbs2882
Duplicate,Dupe of: #87 Take Cold Showers for 30 Days; #319 Do a Polar Plunge with a Friend,Cold Shower for 7 Days,Take a cold shower or cold plunge (minimum 2 minutes of cold exposure) every day for 7 consecutive days,7 days,Medium,7 consecutive days of cold exposure documented,Physical,,abbs2882
No,,Get Scuba Certified,Complete a PADI Open Water or equivalent scuba diving certification course,2-4 weeks,Hard,Scuba certification card received,Achievement,,vikingnips
Default,,Donate Clothes to a Shelter,Gather clothes you no longer wear and donate them directly to a homeless shelter or clothing bank,2-3 hours,Easy,Donation made with receipt or photo at the shelter,Social,,vikingnips
Default,,Cook a Meal for a Stranger,Prepare a homemade meal and share it with someone you don't know personally,3-5 hours,Medium,"Meal prepared and shared with a stranger, with photo",Social,,mop559
Default,,Enter an Unfamiliar Competition,"Sign up for and compete in a tournament or competition in a skill or sport you have little to no experience with (chess tournament, pickleball league, spelling bee, etc.)",Variable,Medium,Competed in event (winning not required),Achievement,,mop559
Default,,Negotiate 20% Off,Successfully negotiate at least 20% off a purchase or bill (food,car,service,subscription),30 min,Medium Receipt or documentation showing negotiated discount of 20%+ Achievement,mop559
Default,Dupes: #318 Build a Piece of Furniture Together,Build a Piece of Furniture,Design and build a functional piece of furniture from raw materials (no flat-pack kits),1-4 weeks,Hard,Functional furniture piece completed and in use with photo,Creative,,mop559
Default,,Get in Your Local Newspaper,Do something noteworthy enough to be mentioned or featured in your local newspaper or news outlet,Variable,Hard,Published article or mention with your name,Achievement,,mop559
Default,,Visit Another Player in Their City,Travel to visit another Big Year participant in their home city and spend meaningful time together,1-3 days,Medium,Photo together in their city,Social,Collaborative,carsonr.
Default,,Learn to Ride a Unicycle,Learn to ride a unicycle well enough to travel at least 50 feet without falling,2-8 weeks,Hard,Video of riding 50+ feet unassisted,Physical,,gaberoni24
Default,,Plant a Tree,Plant a tree somewhere it can grow long-term (your yard,a community garden,or an organized planting event),1-3 hours,Easy,Tree planted with photo,gaberoni24
Default,,Quit an Addiction,Identify a habit or substance you're dependent on and quit for at least 3 consecutive months,3+ months,Hard,3 consecutive months free from the identified habit,Achievement,,maps3109
Default,,Write a Children's Book,Write and illustrate a children's book about something you're passionate about,2-4 weeks,Medium,"Completed book with text and illustrations, at least 10 pages",Creative,,human_42
Default,,Solo Vacation,Plan and take a vacation entirely by yourself to a destination you've never been,2-7 days,Medium,"Trip completed alone to a new destination, with photos",Achievement,,sherm.the.worm
Default,,Start a Podcast or YouTube Channel,Create a podcast or YouTube channel and publish at least 3 episodes or videos,1-2 months,Medium,3+ episodes/videos published publicly,Creative,,musicatnip
Default,,Hold an Unfamiliar Animal,"Interact with or hold an animal species you've never touched before (reptile, bird of prey, tarantula, etc.)",1-2 hours,Easy,Photo or video of you with the new animal species,Achievement,,musicatnip
Default,,Summit a 14000-Foot Peak,Hike to the summit of a mountain with an elevation above 14000 feet,1-2 days,Hard,Summit photo with elevation marker or GPS proof,Physical,,lewcis
Default,,Try a Combat Sport,"Attend at least 3 classes in a combat sport you've never trained (boxing, jiu jitsu, muay thai, wrestling, etc.)",2-3 weeks,Medium,3 classes completed in a new combat sport,Physical,,lewcis
Default,Dupes: #196 Learn to Juggle Three Balls,Learn to Juggle,Learn to juggle 3 objects for at least 30 consecutive catches,1-4 weeks,Medium,Video of 30+ consecutive catches with 3 objects,Physical,,lewcis
Default,,Sunrise to Sunset Outdoors,Spend an entire day from sunrise to sunset outdoors without going inside for any reason,1 day,Medium,Full day completed outdoors with no indoor visits,Physical,,florencemgormig
Default,,Public Transit Only for a Week,Use only public transportation for all travel for 7 consecutive days. No personal car or rideshare.,1 week,Medium,7 consecutive days without using a personal car or rideshare,Achievement,,lewcis
Default,,Delete a Social Media Account,"Permanently delete one of your social media accounts (Instagram, TikTok, Twitter, Facebook, etc.)",30 min,Easy,Account permanently deleted (not just deactivated),Achievement,,carsonr.
Default,,Thank a Former Teacher,Write and send a heartfelt letter or email to a teacher from your past thanking them for a specific way they impacted your life,1-2 hours,Easy,Letter or email sent referencing a specific moment and its impact on you,Social,,sherm.the.worm
Default,,Go on a Meditation Retreat,Attend a meditation or mindfulness retreat of at least 2 days,2-10 days,Hard,Retreat attended for full duration,Achievement,,romcat100
Default,,Make a New Close Friend,Develop a genuine friendship with someone new. Spend meaningful one-on-one time together at least 5 times.,Variable,Medium,5+ hangouts with someone you weren't friends with at the start of the year,Social,,romcat100
Default,,Talk with an Unhoused Person,"Have a genuine, extended conversation with an unhoused person. Learn their name, hear their story, and share yours.",30-60 min,Medium,Had a real conversation and can share what you learned about their story,Social,,nikikees
Default,,Coffee Chat with a Stranger,"Approach strangers and ask them to have coffee with you until someone says yes, then have a genuine conversation",1-2 hours,Medium,Coffee purchased and real conversation had with a stranger who accepted,Social,,resurgentseven
Default,,Take a Long-Distance Train Ride,Ride Amtrak or equivalent train to a destination more than 12 hours away,12+ hours,Medium,Train ticket and photos from 12+ hour journey,Achievement,,cookie.mobster
Default,,Write a Novel,Write an original novel or novella of at least 50000 words,3-12 months,Hard,Completed manuscript of 50000+ words,Creative,,abbs2882
Default,,Guerrilla Garden,"Plant edible vegetables or herbs in a public space (park, unused lot, grocery store flower bed) and harvest the produce later",3-6 months,Medium,"Plants planted in public space, grown, and produce harvested with photos",Creative,,human_42
Default,Dupes: #45 Sleep Under the Stars; #436 Camp 30 Nights,Sleep Outside Without Gear,Spend a full night sleeping outdoors with no tent or sleeping bag or other camping equipment,1 night,Medium,Full night spent sleeping outdoors with no gear,Physical,,mop559
Default,,High Five 100 Strangers,Get 100 different strangers to high five you in a single day,1 day,Medium,Video evidence of high-fiving 100+ strangers,Social,,gaberoni24
Default,,No Eating Out for a Month,Prepare every meal at home for 30 consecutive days. No restaurants or takeout or delivery.,30 days,Medium,30 consecutive days with only home-cooked meals,Achievement,,mop559
Default,Dupes: #522 Go Skydiving,Go Skydiving,Complete a tandem or solo skydive from at least 10000 feet,Half day,Hard,Jump completed with photo or video,Physical,,sherm.the.worm
Default,,Try a Sensory Deprivation Tank,Spend at least 60 minutes floating in a sensory deprivation tank,1-2 hours,Easy,60+ minute float session completed,Achievement,,gaberoni24
Default,,Pay for the Person Behind You,Pay for the order of the person behind you in a drive-through line,10 min,Easy,Payment made for a stranger's order,Social,,sherm.the.worm
Default,Dupes: #259 Complete an Endurance Goal,Complete a Triathlon,"Train for and complete a triathlon of any distance (sprint, olympic, or full Ironman)",2-6 months,Hard,Triathlon completed with official finish time,Physical,,carsonr.
Default,,Join a Sports League,"Join and complete a season in a recreational sports league (basketball, soccer, volleyball, kickball, etc.)",2-3 months,Medium,Full season completed in a recreational league,Physical,,gaberoni24
Excellent,Dupes: #84 Go Fully Plant-Based for 30 Days,Go Vegan for a Month,Eat a fully vegan diet with no animal products for 30 consecutive days,30 days,Medium,30 consecutive days of fully vegan eating,Physical,,nikikees
Excellent,,Drive a Very Large Vehicle,"Get behind the wheel and drive a bus, semi truck, garbage truck, or other commercial-sized vehicle",1-2 hours,Medium,Photo or video of you driving the vehicle,Achievement,,jack_wittmayer
Excellent,,Capture an Invasive Species,"Legally capture or remove an invasive species in your area (spotted lanternfly, invasive plants, etc.)",1-4 hours,Medium,Photo of captured/removed invasive species with identification,Achievement,,jack_wittmayer
Excellent but needs work,Does this need to be different to account for different people having more or less posentions?,Halve Your Possessions,Get rid of at least half of your material possessions through donation or selling or responsible disposal,1-4 weeks,Hard,Before and after photos showing significant reduction,Achievement,,gaberoni24
Excellent,,Track a Metric and Present It,"Choose a personal metric (mood, sleep, spending, steps, etc.), track it daily for at least 6 months, and give a presentation on your findings",6+ months,Hard,6 months of data collected and presentation delivered to an audience,Achievement,,carsonr.
Excellent but needs work,Change to do something very meaningful or something like that. we cant control if the friend cries.,Make a Friend Cry Tears of Joy,Do something so thoughtful or meaningful for a friend that they cry happy tears,Variable,Medium,Friend confirms they cried tears of joy,Social,,jack_wittmayer
Excellent,,Put an App on the App Store,Build and publish a mobile app on the Apple App Store or Google Play Store,1-3 months,Hard,App live and downloadable with link,Achievement,,sherm.the.worm
Excellent but needs work,Too absurd?,Get a Stranger to Cook You a Meal,Convince a complete stranger to prepare and cook a meal for you,Variable,Hard,"Meal cooked for you by a stranger, with photo",Social,,mop559
Duplicate,Is this a duplicate?. Dupe of: #258 Complete 6 Therapy Sessions,Go to Therapy,Schedule and attend at least 3 sessions with a licensed therapist or counselor,3+ weeks,Medium,3 therapy sessions attended,Achievement,,maps3109
Excellent but needs work,,Pay Down a Loan by 50%,Make extra payments to reduce an outstanding loan or debt balance by at least 50%,Variable,Hard,Statement showing 50%+ reduction from starting balance,Achievement,,carsonr.
Excellent but needs work,Should be slightly more broad to include secular perhaps. or more specific if we want it to be religious.,Attend an Unfamiliar Religious Service,Attend a religious service or ceremony from a faith tradition different from your own (or any tradition if you don't practice),1-3 hours,Easy,Service attended with reflection shared,Social,,vikingnips
Duplicate,Is this a duplicate?. Dupe of: #125 Digital Detox Day; #195 One-Week Social Media Detox,Screen-Free Weekend,Go an entire weekend (Friday evening through Sunday evening) without using any screens. No phone or laptop or TV or tablet.,2 days,Hard,Full weekend completed with zero screen usage,Achievement,,human_42
Excellent,,Learn to Do a Backflip,Learn to perform a standing backflip on flat ground (gym training allowed during learning),1-3 months,Hard,Video of a standing backflip on flat ground,Physical,,resurgentseven
Excellent but needs work,Is this a duplicate?,10000 Steps for 14 Days,Hit at least 10000 steps every single day for 14 consecutive days,14 days,Medium,Step tracking data showing 14 consecutive days of 10000+ steps,Physical,,lewcis
Excellent but needs work,Is this a duplicate?,Learn an Instrument,Pick up a musical instrument you've never played and learn well enough to perform a complete song,1-6 months,Medium,Video of you playing a recognizable song start to finish,Creative,,lewcis
Excellent,,Visit Every National Park in Your State,Visit every national park or national monument in your state,Variable,Medium,Photo at each location documented,Achievement,,lewcis
Excellent,,No Processed Sugar for a Month,Cut out all processed sugar from your diet for 30 consecutive days. Natural sugars from whole fruit are allowed.,30 days,Medium,30 consecutive days without processed sugar,Physical,,gaberoni24
Excellent,,No Spending for a Week,Go 7 consecutive days without spending any money at all. Pre-paid bills like rent and utilities are fine.,1 week,Hard,7 consecutive days with zero transactions,Achievement,,nikikees
Excellent,Dupes: #31 Perform at an Open Mic,Do Stand-Up Comedy at an Open Mic,Write and perform an original stand-up comedy set at an open mic night,1-2 weeks prep,Hard,Performed a set at a real open mic night with video or photo,Creative,,musicatnip
Excellent but needs work,,Keep a Journal for 6 Months,Write in a journal at least 3 times per week for 6 consecutive months,6 months,Medium,"Journal with entries spanning 6 months, averaging 3+ per week",Achievement,,carsonr.
Duplicate,Dupe of: #36 Camp in Your Backyard; #408 Sleep Outside Without Gear,Camp 30 Nights,Spend at least 30 total nights sleeping outdoors in a tent or under the stars this year,1 year,Hard,30 nights of camping documented with dates,Physical,,carsonr.
Excellent but needs work,Is this a duplicate?,Exchange Handwritten Letters,Send a handwritten letter to a friend by mail and receive a handwritten letter back,1-2 weeks,Easy,Letter sent and response received via mail,Social,,nikikees
Excellent,,Try Surstrmming,Open and eat Swedish fermented herring (surstrmming). Outdoors strongly recommended.,30 min,Medium,Video of opening the can and eating the surstrmming,Absurd,,lewcis
Excellent,,Chug a Gallon of Milk,Attempt to drink an entire gallon of milk in one sitting. Barfing is allowed.,30 min,Medium,Video of honest attempt at the full gallon,Absurd,,vikingnips
No,,Officiate a Wedding,Get ordained online and officially officiate someone's wedding ceremony,Variable,Hard,Wedding ceremony officiated by you with photo,Social,,gaberoni24
Excellent but needs work,Too much chance?,Make a Viral Video,Create and post a video or meme that reaches at least 100000 views on any platform,Variable,Hard,Post reaching 100000+ views with screenshot proof,Creative,,sherm.the.worm
Excellent,,Do 50% More Pull-Ups,"Increase your max set of pull-ups by 50% compared to your starting number (e.g., 10 to 15)",1-6 months,Medium,Before and after max pull-up counts documented,Physical,,romcat100
Excellent,,Convince a Wealthy Person to Donate,Convince someone with a $10M+ net worth to make a donation to one of your favorite charities,Variable,Hard,Donation confirmed by the donor or charity,Social,,romcat100
Excellent,,Start a Nonprofit,Start a registered nonprofit organization and raise at least $1000 in donations,Variable,Hard,Nonprofit registered and $1000+ in donations received,Achievement,,sherm.the.worm
Excellent,,Go to a Drag Show in Drag,Attend a drag show while dressed in full drag yourself,3-5 hours,Medium,Photo of you in drag at a drag show,Absurd,,carsonr.
Hesitant,,Give $100 to a Stranger,"Give $100 cash to a kid, stranger, or homeless person with no strings attached",5 min,Easy,$100 given with the moment described or photographed,Social,,sherm.the.worm
Duplicate,Dupe of: #177 Give a Presentation to 20+ People,Publicly Speak,Prepare and deliver a speech or presentation to an audience of 20+ people outside of work,1-2 weeks prep,Medium,Speech delivered to 20+ people with photo or video,Achievement,,carsonr.
Excellent,,Have Conversation with Your 1st Grade Teacher,Track down and have a real conversation with your first grade (or other early) teacher,Variable,Medium,Conversation happened and you can describe what you discussed,Social,,gaberoni24
Hesitant,,Sell Something for Double Its Value,Sell an item for at least twice what you paid for it or twice its current market value,Variable,Medium,Purchase receipt and sale receipt showing 2x+ markup,Achievement,,gaberoni24
Excellent but needs work,,Start a Club at Work,Start a new club or interest group at your workplace and hold at least 3 meetings,1-2 months,Medium,Club created with 3+ meetings held and attendance shown,Social,Collaborative,gaberoni24
Duplicate,Dupe of: #95 Use Your Non-Dominant Hand for a Day,Spend a Day Using Your Non-Dominant Hand,Do everything with your non-dominant hand for an entire waking day. Writing eating brushing teeth everything.,1 day,Easy,Full day completed using only non-dominant hand,Absurd,,musicatnip
Excellent,,Take a Random Stanger to Lunch,"Invite a complete stranger off the street to have lunch with you, you pay. ",1-2 hours,Hard,Lunch completed with a stranger who accepted your invitation,Social,,musicatnip
Excellent,,Test Drive a Luxury Car,Go to a dealership and test drive a car worth $100000+ (Lamborghini or Porsche or similar),1-2 hours,Easy,Photo of you behind the wheel of the luxury car,Achievement,,gaberoni24
Excellent but needs work,Dupe. Dupes: #72 Give Blood or Register,Group Blood Donation,Organize and lead a group of at least 4 people to go donate blood together,2-3 hours,Medium,4+ people donated blood together with group photo,Social,Collaborative,nikikees
Duplicate,Dupe. Dupe of: #360 Best Sandcastle,Best Sandcastle,Build the best sandcastle you can. Winner determined by ranked choice vote among all participants who attempt it.,2-4 hours,Easy,Photo of completed sandcastle submitted for group vote,Creative,Competitive,nikikees
Excellent,,Dance the Thriller,Organize and perform the Thriller dance with a group of 10+ people in a public place,2-4 weeks,Hard,Video of 10+ people performing Thriller together,Creative,Collaborative,jack_wittmayer
Excellent,,Learn to Windmill,Learn the breakdancing windmill move well enough to complete 3 consecutive rotations,1-3 months,Hard,Video of 3+ consecutive windmill rotations,Physical,,jack_wittmayer
Excellent,,Let 10 Species Eat from Your Hand,"Feed animals from 10 different species directly from your hand (squirrels, birds, goats, horses, etc.)",Variable,Medium,Photos of 10 different species eating from your hand,Achievement,,nikikees
Excellent,,See Inside a Datacenter,Get a tour of or access to a datacenter and see the servers in person,Variable,Medium,Photo of you inside a datacenter,Achievement,,nikikees
Excellent but needs work,,Sit Under a Tree Until Enlightenment,Sit under a tree and don't get up until you realize something genuinely important about yourself or the world that you didn't know before,Variable,Medium,Written description of your realization and time spent,Achievement,,nikikees
Excellent,,Frugal Month and Donate Savings,"Remove as many expenses as you can for a full month (eat out less, cancel subscriptions, bike instead of Uber) and donate all the money you saved",1 month,Medium,Documented savings amount and donation receipt,Achievement,,human_42
No,,Put an Ad on a Billboard,Purchase billboard advertising space and put up a message of your choosing,Variable,Medium,Photo of your billboard ad displayed publicly,Creative,,gaberoni24
Excellent but needs work,,Cancel a Subscription Service,"Cancel a streaming or subscription service you don't really need (Netflix, Prime, etc.) for at least 3 months",5 min,Easy,Cancellation confirmation and 3 months without resubscribing,Achievement,,lewcis
Excellent but needs work,,Ask Your Lyft Driver if You Can Drive,Ask your rideshare driver if you can take the wheel instead. The ask is the challenge.,5 min,Medium,The ask happened (outcome doesn't matter),Absurd,,gaberoni24
Excellent but needs work,"Or maybe wax your whole body. lol, maybe minus hair for women?, idk",Wax Your Armpits,Get your armpits professionally waxed at a salon,30 min,Easy,Photo of freshly waxed armpits at the salon,Absurd,,vikingnips
Excellent,,Get Kicked Out of a Casino for Card Counting,Learn basic card counting and get asked to leave a casino for winning too much at blackjack,Variable,Hard,Documentation of being asked to leave a casino,Absurd,,jack_wittmayer
Default,,Build a Tire Swing,Build a functional tire swing from scratch and swing on it,,,,,,
Default,,Build a Treehouse,Build a treehouse or elevated platform sturdy enough to sit in,,,,,,
Default,,Plant a Fruit Tree,Plant a fruit-bearing tree and keep it alive for one full year,,,,,,
Default,,Tread Water for 2 Hours,Stay afloat treading water continuously for 2 hours without touching the bottom or sides,,,,,,
Default,,Learn to Surf,Stand up and ride a wave to shore on a surfboard,,,,,,
Default,,Sail a Boat Solo,Sail a single-person sailboat by yourself for at least 30 minutes,,,,,,
Default,,Crew a Large Sailing Vessel,Serve as active crew on a multi-person sailing vessel for a full day,,,,,,
Default,,Catch a Fish Bare-Handed,Catch a live fish using only your hands (no tools nets or traps) and release it,,,,,,
Default,,Bushcraft Overnight,Spend a night outdoors using only natural materials for shelter and fire (no tent no lighter),,,,,,
Default,,Breathe Fire,Learn fire breathing and successfully perform it (with proper fuel and technique),,,,,,
Default,,Learn to Do the Worm,Learn the worm dance move well enough to travel at least 10 feet across the floor,,,,,,
Default,,Learn to Moonwalk,Learn to moonwalk smoothly enough to do it across a room without stumbling,,,,,,
Default,,Spin a Basketball on Your Finger,Spin a basketball on one finger for at least 10 consecutive seconds,,,,,,
Default,,Escape from a Straightjacket,Get locked into a real straightjacket and escape from it without assistance,,,,,,
Default,,Shit Outside,Successfully take a shit outdoors in nature (Leave No Trace principles apply),,,,,,
Default,,Stretch Every Day for 30 Days,Complete a dedicated stretching session of 10+ minutes every day for 30 consecutive days,,,,,,
Default,,Practice Tai Chi for 30 Days,Follow a Tai Chi routine at least 3 times per week for 30 consecutive days,,,,,,
Default,,Create a Piece of Pottery,Shape and fire a piece of pottery using real clay (wheel or hand-built),,,,,,
Default,,Make a Voodoo Doll,Craft a handmade voodoo doll or poppet using fabric pins and stuffing,,,,,,
Default,,Write a Secret Message in Invisible Ink,Create invisible ink from scratch write a hidden message and have someone else reveal and read it,,,,,,
Default,,Build a Giant Slingshot and Launch a Watermelon,Construct a slingshot large enough to launch a watermelon and successfully fire one,,,,,,
Default,,Build a Potato Clock,Build a functioning clock powered by potatoes and use it as your only timekeeping device for 24 hours,,,,,,
Default,,Build and Maintain a Terrarium,Build a terrarium housing live creatures (isopods snails etc.) and keep it thriving for 90 days,,,,,,
Default,,Learn Balloon Animals,Learn to make at least 5 distinct balloon animal shapes and make them for strangers in public,,,,,,
Default,,Create a Day of the Dead Altar,Build a complete ofrenda honoring someone who has passed with traditional elements,,,,,,
Default,,Grow a Meal from Seed to Plate,Plant grow and harvest enough ingredients to cook a full meal where every ingredient (vegetables protein seasoning) was grown by you from seed,,,,,,
Default,,Go Undercover as Elderly,Apply aging makeup and attend a real event or gathering designed for elderly people,,,,,,
Default,,Get a Pedicure with a Friend,Book and attend a pedicure appointment together with a friend,,,,,,
Default,,Apply Henna Art to Someone,Learn henna application and complete a full henna design on another person's hand or arm,,,,,,
Default,,Attend a Holi Festival,Attend and participate in a Holi festival (color festival),,,,,,
Default,,Repaint and Redecorate a Room,Fully repaint the walls and redecorate one room in your living space with new paint and rearranged or new decor,,,,,,
Default,,Learn to Change a Diaper,Successfully change a real baby's diaper if you've never done it before,,,,,,
Default,,Learn to Pick a Lock,Learn to pick a lock using lockpicking tools and successfully open a locked padlock you own,,,,,,
Default,,Switch to an Ergonomic Keyboard,Purchase and switch to an ergonomic or split keyboard and use it as your primary keyboard for 30 days,,,,,,
Default,,Take an Emergency Preparedness Class,Complete a certified class in CPR first aid or emergency response (e.g. Red Cross or community college),,,,,,
Duplicate,Dupe of: #94 Learn Morse Code and Send a Message,Become Conversational in Morse Code,Memorize Morse code and hold a real-time back-and-forth conversation with another person without referencing a guide,,,,,,
Default,,Make a Trick Shot in Pool,Successfully execute and record a legitimate trick shot in a game of billiards (ask Jackson for specific shot criteria),,,,,,
Default,,Hit a Bullseye with an Arrow,Shoot an arrow and hit the bullseye on a standard archery target,,,,,,
Default,,Paint the Exterior of a Car,Fully paint the exterior of a real car with original designs by hand (not a wrap not a spray booth),,,,,,
Default,,Create Chainsaw Art,Carve a recognizable sculpture from wood or ice using a chainsaw,,,,,,
Default,,Build a Backyard Raku Kiln,Assemble a functional raku kiln in your backyard and fire at least one piece of pottery in it,,,,,,
Default,,Wear Makeup Every Day for a Month,Apply makeup every day for 30 consecutive days (if you don't normally wear it),,,,,,
Default,,Go Makeup-Free for a Month,Go 30 consecutive days without wearing any makeup (if you normally wear it),,,,,,
Default,,Dye Your Hair a Bold Color,Dye your hair a dramatically different or bold color,,,,,,
Default,,Upgrade Your Bedding,Replace your sheets pillows or comforter with noticeably higher quality bedding and sleep on it for 30 nights,,,,,,
Default,,Build a Bat House,Build and install a functional bat house outdoors,,,,,,
Default,,Become a Beekeeper,Set up a beehive and actively maintain a bee colony for at least 3 months,,,,,,
Default,,Build an Epic Blanket Fort,Build a blanket fort large enough to sleep in and spend a full night in it,,,,,,
Default,,Install a Carbon Monoxide Detector,Buy and properly install a carbon monoxide detector in your home,,,,,,
Default,,Get a Radon Test Done,Complete a radon test in your home and review the results,,,,,,
Default,,Eat a Scorpion,Eat an entire scorpion (prepared or dried for consumption),,,,,,
Default,,Eat 5 Different Insects,Eat at least 5 different species of edible insects,,,,,,
Default,,Eat a live insect,Eat a large live insect or grub. Cricket or larger.,,,,,,
Default,,Release a Lantern at a Festival,Attend a lantern festival and release a sky lantern,,,,,,
Default,,Learn Fencing and Win a Bout,Take fencing lessons and win at least one bout in a sanctioned competition or tournament,,,,,,
Duplicate,Dupe of: #411 Go Skydiving,Go Skydiving,Complete a skydive from at least 10000 feet (tandem or solo),,,,,,
Default,,Learn to Pole Vault,Learn to pole vault and successfully clear a bar at any height,,,,,,